,mean_fit_time,std_fit_time,mean_score_time,std_score_time,param_learning_rate,param_max_depth,param_n_estimators,params,split0_test_score,split1_test_score,split2_test_score,mean_test_score,std_test_score,rank_test_score,test_accuracy_with_best_hyp,model_name,seed
0,0.5975716908772787,0.08182446258554073,0.002659479777018229,0.0009404366848100523,0.05,8,50,"{'learning_rate': 0.05, 'max_depth': 8, 'n_estimators': 50}",0.9285714285714286,0.975609756097561,0.9512195121951219,0.9518002322880372,0.019207706630129162,172,0.9814814814814815,Catboost,0
1,1.1791226069132488,0.10383556306125442,0.003989458084106445,0.0014105708099171196,0.05,8,100,"{'learning_rate': 0.05, 'max_depth': 8, 'n_estimators': 100}",1.0,0.975609756097561,0.975609756097561,0.983739837398374,0.01149767123880566,1,0.9814814814814815,Catboost,0
2,2.473885695139567,0.27503220360814934,0.031581481297810875,0.03621101258224755,0.05,8,150,"{'learning_rate': 0.05, 'max_depth': 8, 'n_estimators': 150}",0.9761904761904762,0.975609756097561,0.975609756097561,0.9758033294618661,0.000273754077114418,15,0.9814814814814815,Catboost,0
3,2.850238800048828,0.16520325274781528,0.012300332387288412,0.005422171920894608,0.05,10,50,"{'learning_rate': 0.05, 'max_depth': 10, 'n_estimators': 50}",1.0,0.975609756097561,0.975609756097561,0.983739837398374,0.01149767123880566,1,0.9814814814814815,Catboost,0
4,4.410390059153239,0.19136026657637958,0.002659479777018229,0.0004703027242327683,0.05,10,100,"{'learning_rate': 0.05, 'max_depth': 10, 'n_estimators': 100}",1.0,0.975609756097561,0.975609756097561,0.983739837398374,0.01149767123880566,1,0.9814814814814815,Catboost,0
5,6.765151262283325,0.27918897364714146,0.017618735631306965,0.01579744948674187,0.05,10,150,"{'learning_rate': 0.05, 'max_depth': 10, 'n_estimators': 150}",0.9761904761904762,0.975609756097561,0.975609756097561,0.9758033294618661,0.000273754077114418,15,0.9814814814814815,Catboost,0
6,7.00562842686971,0.03443420022018915,0.013297239939371744,0.008969644860344524,0.05,12,50,"{'learning_rate': 0.05, 'max_depth': 12, 'n_estimators': 50}",0.9761904761904762,0.9512195121951219,0.926829268292683,0.951413085559427,0.020152093592938285,193,0.9814814814814815,Catboost,0
7,14.133419275283813,0.24149397846929116,0.0109709103902181,0.010586297940542007,0.05,12,100,"{'learning_rate': 0.05, 'max_depth': 12, 'n_estimators': 100}",1.0,0.975609756097561,0.9512195121951219,0.975609756097561,0.0199145507543348,24,0.9814814814814815,Catboost,0
8,20.512712240219116,0.816350199467792,0.011303424835205078,0.004630426046076653,0.05,12,150,"{'learning_rate': 0.05, 'max_depth': 12, 'n_estimators': 150}",1.0,0.9512195121951219,0.9512195121951219,0.9674796747967479,0.02299534247761132,93,0.9814814814814815,Catboost,0
9,20.784148772557575,2.9413754054926335,0.02593088150024414,0.01878162099986096,0.05,14,50,"{'learning_rate': 0.05, 'max_depth': 14, 'n_estimators': 50}",0.9523809523809523,0.975609756097561,0.975609756097561,0.9678668215253582,0.010950163084576825,44,0.9814814814814815,Catboost,0
10,40.120607137680054,2.4384095510225254,0.04388141632080078,0.03423219919088821,0.05,14,100,"{'learning_rate': 0.05, 'max_depth': 14, 'n_estimators': 100}",0.9761904761904762,0.975609756097561,0.975609756097561,0.9758033294618661,0.000273754077114418,15,0.9814814814814815,Catboost,0
11,61.755280097325645,1.905428373158471,0.006317138671875,0.004700722333309712,0.05,14,150,"{'learning_rate': 0.05, 'max_depth': 14, 'n_estimators': 150}",0.9761904761904762,0.9512195121951219,0.975609756097561,0.967673248161053,0.01163696350382435,53,0.9814814814814815,Catboost,0
12,48.39387075106303,10.308950718864024,0.09624671936035156,0.13188102932618562,0.05,16,50,"{'learning_rate': 0.05, 'max_depth': 16, 'n_estimators': 50}",1.0,0.975609756097561,0.975609756097561,0.983739837398374,0.01149767123880566,1,0.9814814814814815,Catboost,0
13,87.07145301500957,11.892682171018286,0.03523969650268555,0.044900550077144816,0.05,16,100,"{'learning_rate': 0.05, 'max_depth': 16, 'n_estimators': 100}",1.0,0.975609756097561,0.975609756097561,0.983739837398374,0.01149767123880566,1,0.9814814814814815,Catboost,0
14,117.50402347246806,14.787250742033416,0.026595115661621094,0.02792954308286503,0.05,16,150,"{'learning_rate': 0.05, 'max_depth': 16, 'n_estimators': 150}",1.0,0.9512195121951219,0.975609756097561,0.975609756097561,0.0199145507543348,24,0.9814814814814815,Catboost,0
15,0.006316264470418294,0.004016708692748521,0.0,0.0,0.05,18,50,"{'learning_rate': 0.05, 'max_depth': 18, 'n_estimators': 50}",,,,,,265,0.9814814814814815,Catboost,0
16,0.005318562189737956,0.002617131391526405,0.0,0.0,0.05,18,100,"{'learning_rate': 0.05, 'max_depth': 18, 'n_estimators': 100}",,,,,,264,0.9814814814814815,Catboost,0
17,0.006649176279703776,0.001880704976167691,0.0,0.0,0.05,18,150,"{'learning_rate': 0.05, 'max_depth': 18, 'n_estimators': 150}",,,,,,263,0.9814814814814815,Catboost,0
18,1.3549514611562092,0.14422564482786804,0.00964196523030599,0.004977002872259058,0.060000000000000005,8,50,"{'learning_rate': 0.060000000000000005, 'max_depth': 8, 'n_estimators': 50}",0.9285714285714286,0.975609756097561,0.926829268292683,0.9436701509872242,0.02259590761712392,219,0.9814814814814815,Catboost,0
19,1.8318804899851482,0.18543344787468163,0.03158307075500488,0.021794550003870112,0.060000000000000005,8,100,"{'learning_rate': 0.060000000000000005, 'max_depth': 8, 'n_estimators': 100}",0.9285714285714286,0.9512195121951219,0.975609756097561,0.9518002322880372,0.019207706630129162,172,0.9814814814814815,Catboost,0
20,2.595797379811605,0.3658208485384262,0.0036568641662597656,0.0009402119419245932,0.060000000000000005,8,150,"{'learning_rate': 0.060000000000000005, 'max_depth': 8, 'n_estimators': 150}",0.9523809523809523,0.9512195121951219,0.975609756097561,0.9597367402245451,0.011233928090241522,109,0.9814814814814815,Catboost,0
21,3.0548407236735025,0.1679974154188061,0.007313887278238933,0.005422634835669248,0.060000000000000005,10,50,"{'learning_rate': 0.060000000000000005, 'max_depth': 10, 'n_estimators': 50}",1.0,0.975609756097561,0.975609756097561,0.983739837398374,0.01149767123880566,1,0.9814814814814815,Catboost,0
22,6.106355985005696,1.322479651091393,0.006316343943277995,0.002617767195944915,0.060000000000000005,10,100,"{'learning_rate': 0.060000000000000005, 'max_depth': 10, 'n_estimators': 100}",1.0,0.975609756097561,0.975609756097561,0.983739837398374,0.01149767123880566,1,0.9814814814814815,Catboost,0
23,6.786879460016887,0.04705934514839574,0.014959176381429037,0.008957451283632257,0.060000000000000005,10,150,"{'learning_rate': 0.060000000000000005, 'max_depth': 10, 'n_estimators': 150}",1.0,0.9512195121951219,0.975609756097561,0.975609756097561,0.0199145507543348,24,0.9814814814814815,Catboost,0
24,6.832416137059529,0.1948543858732238,0.007978518803914389,0.005085666886054803,0.060000000000000005,12,50,"{'learning_rate': 0.060000000000000005, 'max_depth': 12, 'n_estimators': 50}",0.9523809523809523,0.975609756097561,0.9512195121951219,0.9597367402245451,0.011233928090241522,109,0.9814814814814815,Catboost,0
25,13.913501660029093,0.23202984710808974,0.010306755701700846,0.006165835913428645,0.060000000000000005,12,100,"{'learning_rate': 0.060000000000000005, 'max_depth': 12, 'n_estimators': 100}",0.9761904761904762,0.975609756097561,0.9512195121951219,0.967673248161053,0.01163696350382435,53,0.9814814814814815,Catboost,0
26,19.993423461914062,1.0763475715349073,0.00432284673055013,0.0012437940931059066,0.060000000000000005,12,150,"{'learning_rate': 0.060000000000000005, 'max_depth': 12, 'n_estimators': 150}",0.9761904761904762,0.9512195121951219,0.9512195121951219,0.95954316686024,0.011771425315920079,135,0.9814814814814815,Catboost,0
27,18.69606606165568,1.679803542187001,0.03091851870218913,0.03949249618747594,0.060000000000000005,14,50,"{'learning_rate': 0.060000000000000005, 'max_depth': 14, 'n_estimators': 50}",0.9761904761904762,0.975609756097561,0.975609756097561,0.9758033294618661,0.000273754077114418,15,0.9814814814814815,Catboost,0
28,34.61371763547262,1.8466123589593069,0.011303265889485678,0.011056337915351105,0.060000000000000005,14,100,"{'learning_rate': 0.060000000000000005, 'max_depth': 14, 'n_estimators': 100}",0.9523809523809523,0.975609756097561,0.975609756097561,0.9678668215253582,0.010950163084576825,44,0.9814814814814815,Catboost,0
29,51.4155003229777,3.0289667992306675,0.07513070106506348,0.031845797073995305,0.060000000000000005,14,150,"{'learning_rate': 0.060000000000000005, 'max_depth': 14, 'n_estimators': 150}",0.9761904761904762,0.9512195121951219,0.975609756097561,0.967673248161053,0.01163696350382435,53,0.9814814814814815,Catboost,0
30,41.118353843688965,9.899050106312908,0.025265852610270183,0.016694247786740852,0.060000000000000005,16,50,"{'learning_rate': 0.060000000000000005, 'max_depth': 16, 'n_estimators': 50}",1.0,0.975609756097561,0.9512195121951219,0.975609756097561,0.0199145507543348,24,0.9814814814814815,Catboost,0
31,73.04007736841838,9.028388201311925,0.05169939994812012,0.03910531204634284,0.060000000000000005,16,100,"{'learning_rate': 0.060000000000000005, 'max_depth': 16, 'n_estimators': 100}",1.0,0.975609756097561,0.975609756097561,0.983739837398374,0.01149767123880566,1,0.9814814814814815,Catboost,0
32,104.37629429499309,16.623368580605103,0.06382934252421062,0.0804604271208963,0.060000000000000005,16,150,"{'learning_rate': 0.060000000000000005, 'max_depth': 16, 'n_estimators': 150}",0.9523809523809523,0.9512195121951219,0.975609756097561,0.9597367402245451,0.011233928090241522,109,0.9814814814814815,Catboost,0
33,0.029919544855753582,0.03668155050767043,0.0,0.0,0.060000000000000005,18,50,"{'learning_rate': 0.060000000000000005, 'max_depth': 18, 'n_estimators': 50}",,,,,,262,0.9814814814814815,Catboost,0
34,0.0043214162190755205,0.00046996571077943604,0.0,0.0,0.060000000000000005,18,100,"{'learning_rate': 0.060000000000000005, 'max_depth': 18, 'n_estimators': 100}",,,,,,261,0.9814814814814815,Catboost,0
35,0.0046536922454833984,0.0004698575132399332,0.0,0.0,0.060000000000000005,18,150,"{'learning_rate': 0.060000000000000005, 'max_depth': 18, 'n_estimators': 150}",,,,,,260,0.9814814814814815,Catboost,0
36,1.0596988201141357,0.154502207614713,0.013297160466512045,0.01457702151148733,0.07,8,50,"{'learning_rate': 0.07, 'max_depth': 8, 'n_estimators': 50}",0.9285714285714286,0.975609756097561,0.926829268292683,0.9436701509872242,0.02259590761712392,219,0.9814814814814815,Catboost,0
37,2.061041831970215,0.2593824957511956,0.04488054911295573,0.035044970087050556,0.07,8,100,"{'learning_rate': 0.07, 'max_depth': 8, 'n_estimators': 100}",0.9523809523809523,0.975609756097561,0.9512195121951219,0.9597367402245451,0.011233928090241522,109,0.9814814814814815,Catboost,0
38,2.949808677037557,0.3103796380557979,0.004654407501220703,0.0016947807338161616,0.07,8,150,"{'learning_rate': 0.07, 'max_depth': 8, 'n_estimators': 150}",0.9761904761904762,0.9512195121951219,0.975609756097561,0.967673248161053,0.01163696350382435,53,0.9814814814814815,Catboost,0
39,1.993192434310913,0.11615254119597868,0.009642918904622396,0.004016761662363741,0.07,10,50,"{'learning_rate': 0.07, 'max_depth': 10, 'n_estimators': 50}",0.9761904761904762,0.9512195121951219,0.975609756097561,0.967673248161053,0.01163696350382435,53,0.9814814814814815,Catboost,0
40,4.137056907018025,0.0997241281506981,0.003323713938395182,0.00046637064426774193,0.07,10,100,"{'learning_rate': 0.07, 'max_depth': 10, 'n_estimators': 100}",0.9761904761904762,0.9512195121951219,0.975609756097561,0.967673248161053,0.01163696350382435,53,0.9814814814814815,Catboost,0
41,6.542469580968221,0.28089151525947326,0.0053195953369140625,0.00046985331924368303,0.07,10,150,"{'learning_rate': 0.07, 'max_depth': 10, 'n_estimators': 150}",0.9761904761904762,0.9512195121951219,0.975609756097561,0.967673248161053,0.01163696350382435,53,0.9814814814814815,Catboost,0
42,7.035574833552043,0.31537577205211265,0.014626502990722656,0.014345112589077112,0.07,12,50,"{'learning_rate': 0.07, 'max_depth': 12, 'n_estimators': 50}",0.9761904761904762,0.975609756097561,0.9512195121951219,0.967673248161053,0.01163696350382435,53,0.9814814814814815,Catboost,0
43,13.447142203648886,0.6042786194964717,0.011303106943766275,0.002859815384637133,0.07,12,100,"{'learning_rate': 0.07, 'max_depth': 12, 'n_estimators': 100}",0.9761904761904762,0.9512195121951219,0.975609756097561,0.967673248161053,0.01163696350382435,53,0.9814814814814815,Catboost,0
44,19.51300621032715,0.1707563067975732,0.004322608311971028,0.0018800304250955607,0.07,12,150,"{'learning_rate': 0.07, 'max_depth': 12, 'n_estimators': 150}",0.9761904761904762,0.9512195121951219,0.975609756097561,0.967673248161053,0.01163696350382435,53,0.9814814814814815,Catboost,0
45,20.211977402369182,3.182189540843882,0.007313887278238933,0.004178541667351535,0.07,14,50,"{'learning_rate': 0.07, 'max_depth': 14, 'n_estimators': 50}",0.9523809523809523,0.975609756097561,0.975609756097561,0.9678668215253582,0.010950163084576825,44,0.9814814814814815,Catboost,0
46,39.57538898785909,5.393213713233477,0.025598526000976562,0.0306028337733935,0.07,14,100,"{'learning_rate': 0.07, 'max_depth': 14, 'n_estimators': 100}",0.9523809523809523,0.975609756097561,0.975609756097561,0.9678668215253582,0.010950163084576825,44,0.9814814814814815,Catboost,0
47,54.84983968734741,3.261001873287952,0.019946734110514324,0.023991730251496625,0.07,14,150,"{'learning_rate': 0.07, 'max_depth': 14, 'n_estimators': 150}",0.9523809523809523,0.9512195121951219,0.975609756097561,0.9597367402245451,0.011233928090241522,109,0.9814814814814815,Catboost,0
48,47.96336603164673,11.375514255298961,0.005651950836181641,0.0030828065491247145,0.07,16,50,"{'learning_rate': 0.07, 'max_depth': 16, 'n_estimators': 50}",0.9761904761904762,0.975609756097561,0.9512195121951219,0.967673248161053,0.01163696350382435,53,0.9814814814814815,Catboost,0
49,89.40684684117635,18.27596504512142,0.0037550131479899087,0.0005538870977161007,0.07,16,100,"{'learning_rate': 0.07, 'max_depth': 16, 'n_estimators': 100}",0.9761904761904762,0.9512195121951219,0.9512195121951219,0.95954316686024,0.011771425315920079,135,0.9814814814814815,Catboost,0
50,117.59403570493062,27.36624618216779,0.012633005777994791,0.010813757411935118,0.07,16,150,"{'learning_rate': 0.07, 'max_depth': 16, 'n_estimators': 150}",0.9761904761904762,0.9512195121951219,0.975609756097561,0.967673248161053,0.01163696350382435,53,0.9814814814814815,Catboost,0
51,0.00498509407043457,0.0008165355886354445,0.0,0.0,0.07,18,50,"{'learning_rate': 0.07, 'max_depth': 18, 'n_estimators': 50}",,,,,,259,0.9814814814814815,Catboost,0
52,0.02410586675008138,0.016327824956492303,0.0,0.0,0.07,18,100,"{'learning_rate': 0.07, 'max_depth': 18, 'n_estimators': 100}",,,,,,258,0.9814814814814815,Catboost,0
53,0.0039899349212646484,0.0008141013864135147,0.0,0.0,0.07,18,150,"{'learning_rate': 0.07, 'max_depth': 18, 'n_estimators': 150}",,,,,,257,0.9814814814814815,Catboost,0
54,1.6765831311543782,0.3904227208906567,0.006316184997558594,0.0026182415899322223,0.08000000000000002,8,50,"{'learning_rate': 0.08000000000000002, 'max_depth': 8, 'n_estimators': 50}",0.9285714285714286,0.975609756097561,0.9512195121951219,0.9518002322880372,0.019207706630129162,172,0.9814814814814815,Catboost,0
55,1.2194077173868816,0.108113876827345,0.004985411961873372,0.0014115260679524804,0.08000000000000002,8,100,"{'learning_rate': 0.08000000000000002, 'max_depth': 8, 'n_estimators': 100}",0.9523809523809523,0.975609756097561,0.975609756097561,0.9678668215253582,0.010950163084576825,44,0.9814814814814815,Catboost,0
56,1.9401477177937825,0.31842904858967924,0.006648063659667969,0.0023511200874577133,0.08000000000000002,8,150,"{'learning_rate': 0.08000000000000002, 'max_depth': 8, 'n_estimators': 150}",0.9523809523809523,0.9512195121951219,0.975609756097561,0.9597367402245451,0.011233928090241522,109,0.9814814814814815,Catboost,0
57,2.3194663524627686,0.2555484875252885,0.011303981145222982,0.008969692043604807,0.08000000000000002,10,50,"{'learning_rate': 0.08000000000000002, 'max_depth': 10, 'n_estimators': 50}",0.9761904761904762,0.926829268292683,0.975609756097561,0.95954316686024,0.023133434369225388,135,0.9814814814814815,Catboost,0
58,5.009606599807739,0.19746381358356832,0.009308656056722006,0.004485252488974218,0.08000000000000002,10,100,"{'learning_rate': 0.08000000000000002, 'max_depth': 10, 'n_estimators': 100}",0.9523809523809523,0.9512195121951219,0.975609756097561,0.9597367402245451,0.011233928090241522,109,0.9814814814814815,Catboost,0
59,7.9786709149678545,0.4200993601662588,0.027593533198038738,0.026529589854764175,0.08000000000000002,10,150,"{'learning_rate': 0.08000000000000002, 'max_depth': 10, 'n_estimators': 150}",0.9523809523809523,0.9512195121951219,0.975609756097561,0.9597367402245451,0.011233928090241522,109,0.9814814814814815,Catboost,0
60,7.4234885374705,0.6475230374866067,0.014629125595092773,0.006830256141931826,0.08000000000000002,12,50,"{'learning_rate': 0.08000000000000002, 'max_depth': 12, 'n_estimators': 50}",1.0,0.975609756097561,0.9512195121951219,0.975609756097561,0.0199145507543348,24,0.9814814814814815,Catboost,0
61,16.087675094604492,0.8239888225066307,0.017286936442057293,0.008033641008187103,0.08000000000000002,12,100,"{'learning_rate': 0.08000000000000002, 'max_depth': 12, 'n_estimators': 100}",1.0,0.9512195121951219,0.9512195121951219,0.9674796747967479,0.02299534247761132,93,0.9814814814814815,Catboost,0
62,26.402950684229534,1.2941023328682861,0.0545205275217692,0.048575716173268196,0.08000000000000002,12,150,"{'learning_rate': 0.08000000000000002, 'max_depth': 12, 'n_estimators': 150}",0.9761904761904762,0.9512195121951219,0.9512195121951219,0.95954316686024,0.011771425315920079,135,0.9814814814814815,Catboost,0
63,23.51680874824524,2.8650792187224754,0.08510526021321614,0.0529776583336071,0.08000000000000002,14,50,"{'learning_rate': 0.08000000000000002, 'max_depth': 14, 'n_estimators': 50}",0.9523809523809523,0.975609756097561,0.975609756097561,0.9678668215253582,0.010950163084576825,44,0.9814814814814815,Catboost,0
64,41.893934885660805,2.841873343786701,0.065491517384847,0.04687925989147568,0.08000000000000002,14,100,"{'learning_rate': 0.08000000000000002, 'max_depth': 14, 'n_estimators': 100}",0.9523809523809523,0.9512195121951219,0.9512195121951219,0.9516066589237321,0.000547508154228836,177,0.9814814814814815,Catboost,0
65,58.06011565526327,2.4137671376511545,0.039633591969807945,0.03040347188011771,0.08000000000000002,14,150,"{'learning_rate': 0.08000000000000002, 'max_depth': 14, 'n_estimators': 150}",0.9523809523809523,0.9512195121951219,0.975609756097561,0.9597367402245451,0.011233928090241522,109,0.9814814814814815,Catboost,0
66,46.18513536453247,7.65271244377182,0.03724376360575358,0.026252510083914465,0.08000000000000002,16,50,"{'learning_rate': 0.08000000000000002, 'max_depth': 16, 'n_estimators': 50}",1.0,0.9512195121951219,0.9512195121951219,0.9674796747967479,0.02299534247761132,93,0.9814814814814815,Catboost,0
67,85.52852662404378,9.636123997437565,0.011968692143758139,0.012694574585011961,0.08000000000000002,16,100,"{'learning_rate': 0.08000000000000002, 'max_depth': 16, 'n_estimators': 100}",1.0,0.9512195121951219,0.975609756097561,0.975609756097561,0.0199145507543348,24,0.9814814814814815,Catboost,0
68,94.86891031265259,12.961638151927442,0.014295419057210287,0.015285137978525027,0.08000000000000002,16,150,"{'learning_rate': 0.08000000000000002, 'max_depth': 16, 'n_estimators': 150}",0.9761904761904762,0.9512195121951219,0.975609756097561,0.967673248161053,0.01163696350382435,53,0.9814814814814815,Catboost,0
69,0.06981341044108073,0.03244003592824904,0.0,0.0,0.08000000000000002,18,50,"{'learning_rate': 0.08000000000000002, 'max_depth': 18, 'n_estimators': 50}",,,,,,256,0.9814814814814815,Catboost,0
70,0.005651791890462239,0.0009404928957177735,0.0,0.0,0.08000000000000002,18,100,"{'learning_rate': 0.08000000000000002, 'max_depth': 18, 'n_estimators': 100}",,,,,,255,0.9814814814814815,Catboost,0
71,0.005318164825439453,0.002616727660365891,0.0,0.0,0.08000000000000002,18,150,"{'learning_rate': 0.08000000000000002, 'max_depth': 18, 'n_estimators': 150}",,,,,,254,0.9814814814814815,Catboost,0
72,0.798031727472941,0.20517616526229426,0.022273699442545574,0.0258581592845268,0.09000000000000001,8,50,"{'learning_rate': 0.09000000000000001, 'max_depth': 8, 'n_estimators': 50}",0.9523809523809523,0.975609756097561,0.9512195121951219,0.9597367402245451,0.011233928090241522,109,0.9814814814814815,Catboost,0
73,1.7119759718577068,0.3041903102586654,0.002992391586303711,7.018852922382233e-07,0.09000000000000001,8,100,"{'learning_rate': 0.09000000000000001, 'max_depth': 8, 'n_estimators': 100}",0.9285714285714286,0.9512195121951219,0.975609756097561,0.9518002322880372,0.019207706630129162,172,0.9814814814814815,Catboost,0
74,1.973917563756307,0.3233674930981035,0.002993027369181315,5.947204250930057e-07,0.09000000000000001,8,150,"{'learning_rate': 0.09000000000000001, 'max_depth': 8, 'n_estimators': 150}",0.9761904761904762,0.9512195121951219,0.975609756097561,0.967673248161053,0.01163696350382435,53,0.9814814814814815,Catboost,0
75,1.9111049969991047,0.1629186680438202,0.0036567052205403647,0.0004697406856876018,0.09000000000000001,10,50,"{'learning_rate': 0.09000000000000001, 'max_depth': 10, 'n_estimators': 50}",0.9761904761904762,0.926829268292683,0.975609756097561,0.95954316686024,0.023133434369225388,135,0.9814814814814815,Catboost,0
76,3.9877097606658936,0.08701930080033271,0.007980585098266602,0.007051505226908852,0.09000000000000001,10,100,"{'learning_rate': 0.09000000000000001, 'max_depth': 10, 'n_estimators': 100}",0.9285714285714286,0.926829268292683,0.975609756097561,0.9436701509872242,0.02259590761712392,219,0.9814814814814815,Catboost,0
77,6.265598773956299,0.31386929844799355,0.0036567052205403647,0.0009398188485729948,0.09000000000000001,10,150,"{'learning_rate': 0.09000000000000001, 'max_depth': 10, 'n_estimators': 150}",0.9285714285714286,0.926829268292683,0.975609756097561,0.9436701509872242,0.02259590761712392,219,0.9814814814814815,Catboost,0
78,6.375470002492269,0.47484007843987636,0.015291849772135416,0.011115497548612857,0.09000000000000001,12,50,"{'learning_rate': 0.09000000000000001, 'max_depth': 12, 'n_estimators': 50}",1.0,0.975609756097561,0.975609756097561,0.983739837398374,0.01149767123880566,1,0.9814814814814815,Catboost,0
79,12.061075528462728,0.659558210145088,0.004986286163330078,0.0014102336351491053,0.09000000000000001,12,100,"{'learning_rate': 0.09000000000000001, 'max_depth': 12, 'n_estimators': 100}",0.9761904761904762,0.9512195121951219,0.975609756097561,0.967673248161053,0.01163696350382435,53,0.9814814814814815,Catboost,0
80,19.306418498357136,0.7400238903240426,0.018617550532023113,0.013634898863860321,0.09000000000000001,12,150,"{'learning_rate': 0.09000000000000001, 'max_depth': 12, 'n_estimators': 150}",0.9761904761904762,0.9512195121951219,0.9512195121951219,0.95954316686024,0.011771425315920079,135,0.9814814814814815,Catboost,0
81,18.28280798594157,1.635450724646585,0.05153044064839681,0.058383430833927046,0.09000000000000001,14,50,"{'learning_rate': 0.09000000000000001, 'max_depth': 14, 'n_estimators': 50}",0.9523809523809523,0.975609756097561,0.975609756097561,0.9678668215253582,0.010950163084576825,44,0.9814814814814815,Catboost,0
82,32.16495148340861,2.2114315882735527,0.04089061419169108,0.05011169884636083,0.09000000000000001,14,100,"{'learning_rate': 0.09000000000000001, 'max_depth': 14, 'n_estimators': 100}",0.9523809523809523,0.9512195121951219,0.975609756097561,0.9597367402245451,0.011233928090241522,109,0.9814814814814815,Catboost,0
83,50.059942166010536,0.48364346292954286,0.025266726811726887,0.0287244374902321,0.09000000000000001,14,150,"{'learning_rate': 0.09000000000000001, 'max_depth': 14, 'n_estimators': 150}",0.9523809523809523,0.9512195121951219,0.975609756097561,0.9597367402245451,0.011233928090241522,109,0.9814814814814815,Catboost,0
84,41.11397020022074,12.288041216254173,0.04504926999409994,0.007573959934954301,0.09000000000000001,16,50,"{'learning_rate': 0.09000000000000001, 'max_depth': 16, 'n_estimators': 50}",0.9761904761904762,0.9512195121951219,0.975609756097561,0.967673248161053,0.01163696350382435,53,0.9814814814814815,Catboost,0
85,72.1026550134023,17.227540232992528,0.1117087999979655,0.07617316796060752,0.09000000000000001,16,100,"{'learning_rate': 0.09000000000000001, 'max_depth': 16, 'n_estimators': 100}",0.9761904761904762,0.9512195121951219,0.975609756097561,0.967673248161053,0.01163696350382435,53,0.9814814814814815,Catboost,0
86,94.43333530426025,15.111930918725232,0.05485383669535319,0.03884029327268997,0.09000000000000001,16,150,"{'learning_rate': 0.09000000000000001, 'max_depth': 16, 'n_estimators': 150}",0.9761904761904762,0.9512195121951219,0.975609756097561,0.967673248161053,0.01163696350382435,53,0.9814814814814815,Catboost,0
87,0.005318562189737956,0.0004704150352493203,0.0,0.0,0.09000000000000001,18,50,"{'learning_rate': 0.09000000000000001, 'max_depth': 18, 'n_estimators': 50}",,,,,,253,0.9814814814814815,Catboost,0
88,0.004654328028361003,0.0009404367251058133,0.0,0.0,0.09000000000000001,18,100,"{'learning_rate': 0.09000000000000001, 'max_depth': 18, 'n_estimators': 100}",,,,,,252,0.9814814814814815,Catboost,0
89,0.004323164621988933,0.0004724381641475821,0.0,0.0,0.09000000000000001,18,150,"{'learning_rate': 0.09000000000000001, 'max_depth': 18, 'n_estimators': 150}",,,,,,251,0.9814814814814815,Catboost,0
90,0.7722686131795248,0.10464677111834446,0.00897669792175293,0.007052179280908533,0.1,8,50,"{'learning_rate': 0.1, 'max_depth': 8, 'n_estimators': 50}",1.0,0.975609756097561,0.926829268292683,0.9674796747967479,0.030419978754259662,93,0.9814814814814815,Catboost,0
91,1.8616522153218586,0.2513444599899554,0.03740318616231283,0.04247579028616997,0.1,8,100,"{'learning_rate': 0.1, 'max_depth': 8, 'n_estimators': 100}",1.0,0.9512195121951219,0.9512195121951219,0.9674796747967479,0.02299534247761132,93,0.9814814814814815,Catboost,0
92,2.7100887298583984,0.17075323461041758,0.05186168352762858,0.03873787983300786,0.1,8,150,"{'learning_rate': 0.1, 'max_depth': 8, 'n_estimators': 150}",1.0,0.9512195121951219,0.975609756097561,0.975609756097561,0.0199145507543348,24,0.9814814814814815,Catboost,0
93,2.7296316623687744,0.3429617690402278,0.0033248265584309897,0.0004703027242327683,0.1,10,50,"{'learning_rate': 0.1, 'max_depth': 10, 'n_estimators': 50}",0.9523809523809523,0.926829268292683,0.975609756097561,0.9516066589237321,0.019922075617914967,177,0.9814814814814815,Catboost,0
94,5.920065085093181,0.39929013543879854,0.04355041186014811,0.027976944375016893,0.1,10,100,"{'learning_rate': 0.1, 'max_depth': 10, 'n_estimators': 100}",0.9523809523809523,0.9512195121951219,0.975609756097561,0.9597367402245451,0.011233928090241522,109,0.9814814814814815,Catboost,0
95,6.762255907058716,0.6695103462681717,0.011636177698771158,0.0115833385955714,0.1,10,150,"{'learning_rate': 0.1, 'max_depth': 10, 'n_estimators': 150}",0.9523809523809523,0.9512195121951219,0.975609756097561,0.9597367402245451,0.011233928090241522,109,0.9814814814814815,Catboost,0
96,6.844038009643555,0.20568713497229582,0.004985968271891276,0.0021540941188883476,0.1,12,50,"{'learning_rate': 0.1, 'max_depth': 12, 'n_estimators': 50}",1.0,0.975609756097561,0.975609756097561,0.983739837398374,0.01149767123880566,1,0.9814814814814815,Catboost,0
97,12.279839754104614,0.6330578262040223,0.00964029630025228,0.007389119167111934,0.1,12,100,"{'learning_rate': 0.1, 'max_depth': 12, 'n_estimators': 100}",0.9523809523809523,0.9512195121951219,0.975609756097561,0.9597367402245451,0.011233928090241522,109,0.9814814814814815,Catboost,0
98,19.014835357666016,0.3669739382781104,0.02726093928019206,0.03292057475024788,0.1,12,150,"{'learning_rate': 0.1, 'max_depth': 12, 'n_estimators': 150}",0.9761904761904762,0.9512195121951219,0.975609756097561,0.967673248161053,0.01163696350382435,53,0.9814814814814815,Catboost,0
99,16.646499792734783,1.811461374397789,0.020611921946207683,0.024917104451086254,0.1,14,50,"{'learning_rate': 0.1, 'max_depth': 14, 'n_estimators': 50}",0.9523809523809523,0.975609756097561,0.9512195121951219,0.9597367402245451,0.011233928090241522,109,0.9814814814814815,Catboost,0
100,29.31762687365214,1.8533240236000443,0.007313966751098633,0.004484798858134199,0.1,14,100,"{'learning_rate': 0.1, 'max_depth': 14, 'n_estimators': 100}",0.9761904761904762,0.9512195121951219,0.9512195121951219,0.95954316686024,0.011771425315920079,135,0.9814814814814815,Catboost,0
101,46.38635309537252,2.0192357055407295,0.0046541690826416016,0.000940380806360372,0.1,14,150,"{'learning_rate': 0.1, 'max_depth': 14, 'n_estimators': 150}",0.9761904761904762,0.9512195121951219,0.9512195121951219,0.95954316686024,0.011771425315920079,135,0.9814814814814815,Catboost,0
102,39.41789229710897,9.269808378251758,0.03158235549926758,0.02755852412584798,0.1,16,50,"{'learning_rate': 0.1, 'max_depth': 16, 'n_estimators': 50}",1.0,0.975609756097561,0.975609756097561,0.983739837398374,0.01149767123880566,1,0.9814814814814815,Catboost,0
103,58.75772349039713,9.272651150143224,0.049202521642049156,0.04773510573383753,0.1,16,100,"{'learning_rate': 0.1, 'max_depth': 16, 'n_estimators': 100}",0.9761904761904762,0.9512195121951219,0.975609756097561,0.967673248161053,0.01163696350382435,53,0.9814814814814815,Catboost,0
104,100.64538327852885,17.16052520003366,0.060674587885538735,0.06287078137744938,0.1,16,150,"{'learning_rate': 0.1, 'max_depth': 16, 'n_estimators': 150}",0.9761904761904762,0.9512195121951219,0.975609756097561,0.967673248161053,0.01163696350382435,53,0.9814814814814815,Catboost,0
105,0.028258403142293293,0.03220725536088329,0.0,0.0,0.1,18,50,"{'learning_rate': 0.1, 'max_depth': 18, 'n_estimators': 50}",,,,,,250,0.9814814814814815,Catboost,0
106,0.003655672073364258,0.0004691799392694648,0.0,0.0,0.1,18,100,"{'learning_rate': 0.1, 'max_depth': 18, 'n_estimators': 100}",,,,,,249,0.9814814814814815,Catboost,0
107,0.003656466801961263,0.00047024643778554833,0.0,0.0,0.1,18,150,"{'learning_rate': 0.1, 'max_depth': 18, 'n_estimators': 150}",,,,,,266,0.9814814814814815,Catboost,0
108,0.9386804103851318,0.08882455839953714,0.0036569436391194663,0.0004705837736315435,0.11000000000000001,8,50,"{'learning_rate': 0.11000000000000001, 'max_depth': 8, 'n_estimators': 50}",0.9761904761904762,0.975609756097561,0.975609756097561,0.9758033294618661,0.000273754077114418,15,0.9814814814814815,Catboost,0
109,1.7601453463236492,0.4068058008485401,0.008643150329589844,0.006582494818422145,0.11000000000000001,8,100,"{'learning_rate': 0.11000000000000001, 'max_depth': 8, 'n_estimators': 100}",0.9761904761904762,0.9512195121951219,0.975609756097561,0.967673248161053,0.01163696350382435,53,0.9814814814814815,Catboost,0
110,2.5358869234720864,0.1932003810577158,0.014961004257202148,0.0162252468743589,0.11000000000000001,8,150,"{'learning_rate': 0.11000000000000001, 'max_depth': 8, 'n_estimators': 150}",0.9761904761904762,0.9512195121951219,0.975609756097561,0.967673248161053,0.01163696350382435,53,0.9814814814814815,Catboost,0
111,2.809157609939575,0.096382877697838,0.04155643781026205,0.03527184362806444,0.11000000000000001,10,50,"{'learning_rate': 0.11000000000000001, 'max_depth': 10, 'n_estimators': 50}",0.9761904761904762,0.9512195121951219,0.975609756097561,0.967673248161053,0.01163696350382435,53,0.9814814814814815,Catboost,0
112,5.164859374364217,1.3098161443652034,0.002660036087036133,0.00047069701054032963,0.11000000000000001,10,100,"{'learning_rate': 0.11000000000000001, 'max_depth': 10, 'n_estimators': 100}",0.9761904761904762,0.9512195121951219,0.9512195121951219,0.95954316686024,0.011771425315920079,135,0.9814814814814815,Catboost,0
113,6.798824707667033,0.44357565031297547,0.013630867004394531,0.01108665071521494,0.11000000000000001,10,150,"{'learning_rate': 0.11000000000000001, 'max_depth': 10, 'n_estimators': 150}",0.9761904761904762,0.926829268292683,0.9512195121951219,0.951413085559427,0.020152093592938285,193,0.9814814814814815,Catboost,0
114,6.230349620183309,0.16122669618733973,0.013630072275797525,0.009950925878210079,0.11000000000000001,12,50,"{'learning_rate': 0.11000000000000001, 'max_depth': 12, 'n_estimators': 50}",1.0,0.975609756097561,0.975609756097561,0.983739837398374,0.01149767123880566,1,0.9814814814814815,Catboost,0
115,12.14553133646647,0.5603284284781261,0.0026605923970540366,0.0004702464377855484,0.11000000000000001,12,100,"{'learning_rate': 0.11000000000000001, 'max_depth': 12, 'n_estimators': 100}",0.9761904761904762,0.9512195121951219,0.975609756097561,0.967673248161053,0.01163696350382435,53,0.9814814814814815,Catboost,0
116,18.94435461362203,0.5830406165275591,0.015957434972127277,0.010679407495817911,0.11000000000000001,12,150,"{'learning_rate': 0.11000000000000001, 'max_depth': 12, 'n_estimators': 150}",0.9761904761904762,0.9512195121951219,0.975609756097561,0.967673248161053,0.01163696350382435,53,0.9814814814814815,Catboost,0
117,19.23724095026652,3.286113159846261,0.013629992802937826,0.008195816648072509,0.11000000000000001,14,50,"{'learning_rate': 0.11000000000000001, 'max_depth': 14, 'n_estimators': 50}",0.9523809523809523,0.975609756097561,0.975609756097561,0.9678668215253582,0.010950163084576825,44,0.9814814814814815,Catboost,0
118,31.543344259262085,2.530715293733087,0.0026602745056152344,0.0009418978962503713,0.11000000000000001,14,100,"{'learning_rate': 0.11000000000000001, 'max_depth': 14, 'n_estimators': 100}",0.9761904761904762,0.9512195121951219,0.975609756097561,0.967673248161053,0.01163696350382435,53,0.9814814814814815,Catboost,0
119,53.04021684328715,2.2467626387391144,0.1000664234161377,0.09242164250729848,0.11000000000000001,14,150,"{'learning_rate': 0.11000000000000001, 'max_depth': 14, 'n_estimators': 150}",0.9761904761904762,0.9512195121951219,0.975609756097561,0.967673248161053,0.01163696350382435,53,0.9814814814814815,Catboost,0
120,34.795136054356895,9.714001492410478,0.004976669947306315,0.002828133850102887,0.11000000000000001,16,50,"{'learning_rate': 0.11000000000000001, 'max_depth': 16, 'n_estimators': 50}",0.9761904761904762,0.975609756097561,0.926829268292683,0.95954316686024,0.023133434369225388,135,0.9814814814814815,Catboost,0
121,58.70458626747131,11.187095367751873,0.014295180638631185,0.015284930555984828,0.11000000000000001,16,100,"{'learning_rate': 0.11000000000000001, 'max_depth': 16, 'n_estimators': 100}",0.9761904761904762,0.9512195121951219,0.9512195121951219,0.95954316686024,0.011771425315920079,135,0.9814814814814815,Catboost,0
122,88.93366607030232,15.930483087899463,0.0036580562591552734,0.0009412234662401243,0.11000000000000001,16,150,"{'learning_rate': 0.11000000000000001, 'max_depth': 16, 'n_estimators': 150}",0.9761904761904762,0.9512195121951219,0.926829268292683,0.951413085559427,0.020152093592938285,193,0.9814814814814815,Catboost,0
123,0.002991835276285807,4.052336624139774e-07,0.0,0.0,0.11000000000000001,18,50,"{'learning_rate': 0.11000000000000001, 'max_depth': 18, 'n_estimators': 50}",,,,,,268,0.9814814814814815,Catboost,0
124,0.0033233960469563804,0.00047181992012995503,0.0,0.0,0.11000000000000001,18,100,"{'learning_rate': 0.11000000000000001, 'max_depth': 18, 'n_estimators': 100}",,,,,,287,0.9814814814814815,Catboost,0
125,0.005317846934000651,0.0032912200636901873,0.0,0.0,0.11000000000000001,18,150,"{'learning_rate': 0.11000000000000001, 'max_depth': 18, 'n_estimators': 150}",,,,,,269,0.9814814814814815,Catboost,0
126,1.010840892791748,0.053708436901354545,0.00299223264058431,0.0008141013941716827,0.12000000000000001,8,50,"{'learning_rate': 0.12000000000000001, 'max_depth': 8, 'n_estimators': 50}",0.9761904761904762,0.975609756097561,0.975609756097561,0.9758033294618661,0.000273754077114418,15,0.9814814814814815,Catboost,0
127,1.8347365856170654,0.3795315407018601,0.008311748504638672,0.006829698908141165,0.12000000000000001,8,100,"{'learning_rate': 0.12000000000000001, 'max_depth': 8, 'n_estimators': 100}",0.9761904761904762,0.9512195121951219,0.975609756097561,0.967673248161053,0.01163696350382435,53,0.9814814814814815,Catboost,0
128,2.9058376948038735,0.23533995035343455,0.0029921531677246094,0.0014110764881447321,0.12000000000000001,8,150,"{'learning_rate': 0.12000000000000001, 'max_depth': 8, 'n_estimators': 150}",0.9523809523809523,0.9512195121951219,0.975609756097561,0.9597367402245451,0.011233928090241522,109,0.9814814814814815,Catboost,0
129,2.857198158899943,0.059126915605906716,0.009973526000976562,0.0035499031570435827,0.12000000000000001,10,50,"{'learning_rate': 0.12000000000000001, 'max_depth': 10, 'n_estimators': 50}",0.9761904761904762,0.9512195121951219,0.975609756097561,0.967673248161053,0.01163696350382435,53,0.9814814814814815,Catboost,0
130,5.257278680801392,1.1921696839760356,0.0046558380126953125,0.002351625722674625,0.12000000000000001,10,100,"{'learning_rate': 0.12000000000000001, 'max_depth': 10, 'n_estimators': 100}",0.9523809523809523,0.9512195121951219,0.975609756097561,0.9597367402245451,0.011233928090241522,109,0.9814814814814815,Catboost,0
131,6.574757655461629,0.47386609535927704,0.007978200912475586,0.005084155054426783,0.12000000000000001,10,150,"{'learning_rate': 0.12000000000000001, 'max_depth': 10, 'n_estimators': 150}",0.9761904761904762,0.9512195121951219,0.975609756097561,0.967673248161053,0.01163696350382435,53,0.9814814814814815,Catboost,0
132,6.286860068639119,0.2730706290447548,0.0059846242268880205,0.004232499108202359,0.12000000000000001,12,50,"{'learning_rate': 0.12000000000000001, 'max_depth': 12, 'n_estimators': 50}",1.0,0.975609756097561,0.9512195121951219,0.975609756097561,0.0199145507543348,24,0.9814814814814815,Catboost,0
133,12.785001277923584,0.31135276762795094,0.0056458314259847,0.003087558097644375,0.12000000000000001,12,100,"{'learning_rate': 0.12000000000000001, 'max_depth': 12, 'n_estimators': 100}",0.9761904761904762,0.9512195121951219,0.9512195121951219,0.95954316686024,0.011771425315920079,135,0.9814814814814815,Catboost,0
134,20.410446643829346,0.9798226495368242,0.012064774831136068,0.00935082905365242,0.12000000000000001,12,150,"{'learning_rate': 0.12000000000000001, 'max_depth': 12, 'n_estimators': 150}",0.9761904761904762,0.926829268292683,0.9512195121951219,0.951413085559427,0.020152093592938285,193,0.9814814814814815,Catboost,0
135,18.70783257484436,3.2944831628737647,0.03025190035502116,0.032330849635096755,0.12000000000000001,14,50,"{'learning_rate': 0.12000000000000001, 'max_depth': 14, 'n_estimators': 50}",0.9761904761904762,0.975609756097561,0.975609756097561,0.9758033294618661,0.000273754077114418,15,0.9814814814814815,Catboost,0
136,30.194459279378254,1.7463468089334155,0.009308576583862305,0.007566356819105327,0.12000000000000001,14,100,"{'learning_rate': 0.12000000000000001, 'max_depth': 14, 'n_estimators': 100}",0.9761904761904762,0.9512195121951219,0.975609756097561,0.967673248161053,0.01163696350382435,53,0.9814814814814815,Catboost,0
137,50.17138258616129,1.9400864559668334,0.022273778915405273,0.02726867382287805,0.12000000000000001,14,150,"{'learning_rate': 0.12000000000000001, 'max_depth': 14, 'n_estimators': 150}",0.9761904761904762,0.9512195121951219,0.9512195121951219,0.95954316686024,0.011771425315920079,135,0.9814814814814815,Catboost,0
138,38.009549935658775,14.820883254426645,0.03490710258483887,0.02492624996345105,0.12000000000000001,16,50,"{'learning_rate': 0.12000000000000001, 'max_depth': 16, 'n_estimators': 50}",0.9523809523809523,0.975609756097561,0.975609756097561,0.9678668215253582,0.010950163084576825,44,0.9814814814814815,Catboost,0
139,61.039380391438804,15.27146223728424,0.03424294789632162,0.04348998862280767,0.12000000000000001,16,100,"{'learning_rate': 0.12000000000000001, 'max_depth': 16, 'n_estimators': 100}",0.9285714285714286,0.9512195121951219,0.9512195121951219,0.9436701509872242,0.010676409007462355,219,0.9814814814814815,Catboost,0
140,101.64038872718811,21.59184925768696,0.004986921946207683,0.0014104583377250208,0.12000000000000001,16,150,"{'learning_rate': 0.12000000000000001, 'max_depth': 16, 'n_estimators': 150}",0.9285714285714286,0.9512195121951219,0.9512195121951219,0.9436701509872242,0.010676409007462355,219,0.9814814814814815,Catboost,0
141,0.003656307856241862,0.00046945973697422284,0.0,0.0,0.12000000000000001,18,50,"{'learning_rate': 0.12000000000000001, 'max_depth': 18, 'n_estimators': 50}",,,,,,286,0.9814814814814815,Catboost,0
142,0.003989378611246745,0.0008143934368166775,0.0,0.0,0.12000000000000001,18,100,"{'learning_rate': 0.12000000000000001, 'max_depth': 18, 'n_estimators': 100}",,,,,,285,0.9814814814814815,Catboost,0
143,0.003989617029825847,7.370009816086852e-07,0.0,0.0,0.12000000000000001,18,150,"{'learning_rate': 0.12000000000000001, 'max_depth': 18, 'n_estimators': 150}",,,,,,247,0.9814814814814815,Catboost,0
144,0.8404335180918375,0.21634911640868462,0.0033248265584309897,0.0004697969117333428,0.13,8,50,"{'learning_rate': 0.13, 'max_depth': 8, 'n_estimators': 50}",0.9523809523809523,0.975609756097561,0.9512195121951219,0.9597367402245451,0.011233928090241522,109,0.9814814814814815,Catboost,0
145,2.1785099506378174,0.03764593214963125,0.026595433553059895,0.03196900274988398,0.13,8,100,"{'learning_rate': 0.13, 'max_depth': 8, 'n_estimators': 100}",0.9523809523809523,0.9512195121951219,0.9512195121951219,0.9516066589237321,0.000547508154228836,177,0.9814814814814815,Catboost,0
146,2.968728462855021,0.21498955040981768,0.003658453623453776,0.0004697969117333428,0.13,8,150,"{'learning_rate': 0.13, 'max_depth': 8, 'n_estimators': 150}",0.9523809523809523,0.9512195121951219,0.926829268292683,0.9434765776229191,0.011780971006351436,226,0.9814814814814815,Catboost,0
147,3.2090874512990317,0.1311795934673794,0.06416161855061848,0.08650753048593923,0.13,10,50,"{'learning_rate': 0.13, 'max_depth': 10, 'n_estimators': 50}",0.9523809523809523,0.9512195121951219,0.975609756097561,0.9597367402245451,0.011233928090241522,109,0.9814814814814815,Catboost,0
148,4.943115711212158,1.0464428879828915,0.031582911809285484,0.036237826336922845,0.13,10,100,"{'learning_rate': 0.13, 'max_depth': 10, 'n_estimators': 100}",0.9523809523809523,0.9512195121951219,0.975609756097561,0.9597367402245451,0.011233928090241522,109,0.9814814814814815,Catboost,0
149,6.799489577611287,0.4959311235607563,0.003989378611246745,0.000814685514319211,0.13,10,150,"{'learning_rate': 0.13, 'max_depth': 10, 'n_estimators': 150}",0.9523809523809523,0.9512195121951219,0.975609756097561,0.9597367402245451,0.011233928090241522,109,0.9814814814814815,Catboost,0
150,6.142910957336426,0.2573749208745168,0.009308497111002604,0.005297628045278715,0.13,12,50,"{'learning_rate': 0.13, 'max_depth': 12, 'n_estimators': 50}",1.0,0.975609756097561,0.975609756097561,0.983739837398374,0.01149767123880566,1,0.9814814814814815,Catboost,0
151,12.975977818171183,0.3016615042755058,0.014295578002929688,0.008553527713956854,0.13,12,100,"{'learning_rate': 0.13, 'max_depth': 12, 'n_estimators': 100}",1.0,0.9512195121951219,0.975609756097561,0.975609756097561,0.0199145507543348,24,0.9814814814814815,Catboost,0
152,20.931716839472454,0.3700059126133291,0.025266249974568684,0.030088410372671053,0.13,12,150,"{'learning_rate': 0.13, 'max_depth': 12, 'n_estimators': 150}",1.0,0.9512195121951219,0.975609756097561,0.975609756097561,0.0199145507543348,24,0.9814814814814815,Catboost,0
153,17.687050501505535,3.1713083308388534,0.014295260111490885,0.015985007138013124,0.13,14,50,"{'learning_rate': 0.13, 'max_depth': 14, 'n_estimators': 50}",0.9761904761904762,0.975609756097561,0.975609756097561,0.9758033294618661,0.000273754077114418,15,0.9814814814814815,Catboost,0
154,33.51641456286112,2.1336568014310004,0.04505022366841634,0.022137893457240737,0.13,14,100,"{'learning_rate': 0.13, 'max_depth': 14, 'n_estimators': 100}",0.9761904761904762,0.9512195121951219,0.975609756097561,0.967673248161053,0.01163696350382435,53,0.9814814814814815,Catboost,0
155,54.297340075174965,1.2022694186692355,0.05252671241760254,0.05642572888309405,0.13,14,150,"{'learning_rate': 0.13, 'max_depth': 14, 'n_estimators': 150}",0.9761904761904762,0.9512195121951219,0.975609756097561,0.967673248161053,0.01163696350382435,53,0.9814814814814815,Catboost,0
156,38.584399700164795,10.999208840401144,0.02393619219462077,0.029618838284524076,0.13,16,50,"{'learning_rate': 0.13, 'max_depth': 16, 'n_estimators': 50}",0.9761904761904762,0.9512195121951219,0.975609756097561,0.967673248161053,0.01163696350382435,53,0.9814814814814815,Catboost,0
157,65.31609654426575,9.533973486683957,0.04488142331441244,0.03154749355712306,0.13,16,100,"{'learning_rate': 0.13, 'max_depth': 16, 'n_estimators': 100}",1.0,0.9512195121951219,0.9512195121951219,0.9674796747967479,0.02299534247761132,93,0.9814814814814815,Catboost,0
158,95.37695717811584,11.760301273414454,0.015294392903645834,0.011642729920248696,0.13,16,150,"{'learning_rate': 0.13, 'max_depth': 16, 'n_estimators': 150}",0.9523809523809523,0.9512195121951219,0.926829268292683,0.9434765776229191,0.011780971006351436,226,0.9814814814814815,Catboost,0
159,0.00399009386698405,2.0996482870774117e-06,0.0,0.0,0.13,18,50,"{'learning_rate': 0.13, 'max_depth': 18, 'n_estimators': 50}",,,,,,283,0.9814814814814815,Catboost,0
160,0.0036574204762776694,0.00047075269303070775,0.0,0.0,0.13,18,100,"{'learning_rate': 0.13, 'max_depth': 18, 'n_estimators': 100}",,,,,,282,0.9814814814814815,Catboost,0
161,0.0033246676127115884,0.00046957245137020686,0.0,0.0,0.13,18,150,"{'learning_rate': 0.13, 'max_depth': 18, 'n_estimators': 150}",,,,,,281,0.9814814814814815,Catboost,0
162,0.9148886203765869,0.012089183457637159,0.0033238728841145835,0.0004677741872298422,0.14,8,50,"{'learning_rate': 0.14, 'max_depth': 8, 'n_estimators': 50}",0.9761904761904762,0.975609756097561,0.9024390243902439,0.951413085559427,0.03463070226940967,193,0.9814814814814815,Catboost,0
163,1.8088306585947673,0.02079913561768653,0.008976618448893229,0.008462131866415833,0.14,8,100,"{'learning_rate': 0.14, 'max_depth': 8, 'n_estimators': 100}",0.9761904761904762,0.9512195121951219,0.926829268292683,0.951413085559427,0.020152093592938285,193,0.9814814814814815,Catboost,0
164,2.28023632367452,0.2055591106639885,0.004654486974080403,0.0030830465296596905,0.14,8,150,"{'learning_rate': 0.14, 'max_depth': 8, 'n_estimators': 150}",0.9761904761904762,0.9512195121951219,0.926829268292683,0.951413085559427,0.020152093592938285,193,0.9814814814814815,Catboost,0
165,3.459086259206136,0.1759472022358346,0.008310397466023764,0.006828093370902209,0.14,10,50,"{'learning_rate': 0.14, 'max_depth': 10, 'n_estimators': 50}",0.9523809523809523,0.926829268292683,0.975609756097561,0.9516066589237321,0.019922075617914967,177,0.9814814814814815,Catboost,0
166,6.725194692611694,1.2471600942979728,0.004320700963338216,0.0012430296050189387,0.14,10,100,"{'learning_rate': 0.14, 'max_depth': 10, 'n_estimators': 100}",0.9523809523809523,0.9512195121951219,0.975609756097561,0.9597367402245451,0.011233928090241522,109,0.9814814814814815,Catboost,0
167,7.701412359873454,1.3981067331676635,0.0063152313232421875,0.004016221950309908,0.14,10,150,"{'learning_rate': 0.14, 'max_depth': 10, 'n_estimators': 150}",0.9523809523809523,0.926829268292683,0.975609756097561,0.9516066589237321,0.019922075617914967,177,0.9814814814814815,Catboost,0
168,6.752280314763387,0.13450004146897065,0.012633164723714193,0.007343671029127619,0.14,12,50,"{'learning_rate': 0.14, 'max_depth': 12, 'n_estimators': 50}",0.9761904761904762,0.9512195121951219,0.9024390243902439,0.943283004258614,0.030627441718500143,237,0.9814814814814815,Catboost,0
169,12.899352550506592,0.1215060168017208,0.0063165028889973955,0.003291444098461307,0.14,12,100,"{'learning_rate': 0.14, 'max_depth': 12, 'n_estimators': 100}",0.9761904761904762,0.9512195121951219,0.9024390243902439,0.943283004258614,0.030627441718500143,237,0.9814814814814815,Catboost,0
170,21.178220748901367,1.2072496707037774,0.004322052001953125,0.0026178479194369692,0.14,12,150,"{'learning_rate': 0.14, 'max_depth': 12, 'n_estimators': 150}",0.9761904761904762,0.9512195121951219,0.9512195121951219,0.95954316686024,0.011771425315920079,135,0.9814814814814815,Catboost,0
171,18.032459259033203,3.0815073043549472,0.012300968170166016,0.012465580563653267,0.14,14,50,"{'learning_rate': 0.14, 'max_depth': 14, 'n_estimators': 50}",0.9761904761904762,0.975609756097561,0.9512195121951219,0.967673248161053,0.01163696350382435,53,0.9814814814814815,Catboost,0
172,36.58453702926636,3.0381242011541487,0.0043218135833740234,0.0009398747268329188,0.14,14,100,"{'learning_rate': 0.14, 'max_depth': 14, 'n_estimators': 100}",0.9761904761904762,0.9512195121951219,0.9512195121951219,0.95954316686024,0.011771425315920079,135,0.9814814814814815,Catboost,0
173,56.8316019376119,0.656007862197786,0.010305563608805338,0.00893282786136351,0.14,14,150,"{'learning_rate': 0.14, 'max_depth': 14, 'n_estimators': 150}",0.9761904761904762,0.9512195121951219,0.926829268292683,0.951413085559427,0.020152093592938285,193,0.9814814814814815,Catboost,0
174,19.62623405456543,13.850398483131107,0.002327442169189453,0.0016954821059853803,0.14,16,50,"{'learning_rate': 0.14, 'max_depth': 16, 'n_estimators': 50}",0.9761904761904762,,0.975609756097561,,,280,0.9814814814814815,Catboost,0
175,60.623535553614296,8.220837538683607,0.015631437301635742,0.017892494066374946,0.14,16,100,"{'learning_rate': 0.14, 'max_depth': 16, 'n_estimators': 100}",0.9761904761904762,0.9512195121951219,0.975609756097561,0.967673248161053,0.01163696350382435,53,0.9814814814814815,Catboost,0
176,102.61413566271465,10.955027628407858,0.019946575164794922,0.023977847880029747,0.14,16,150,"{'learning_rate': 0.14, 'max_depth': 16, 'n_estimators': 150}",0.9761904761904762,0.9512195121951219,0.9512195121951219,0.95954316686024,0.011771425315920079,135,0.9814814814814815,Catboost,0
177,0.0023290316263834634,0.00046805845515149926,0.0,0.0,0.14,18,50,"{'learning_rate': 0.14, 'max_depth': 18, 'n_estimators': 50}",,,,,,279,0.9814814814814815,Catboost,0
178,0.002991755803426107,1.5734823444067105e-06,0.0,0.0,0.14,18,100,"{'learning_rate': 0.14, 'max_depth': 18, 'n_estimators': 100}",,,,,,278,0.9814814814814815,Catboost,0
179,0.06798887252807617,0.00024209220224970392,0.0,0.0,0.14,18,150,"{'learning_rate': 0.14, 'max_depth': 18, 'n_estimators': 150}",,,,,,277,0.9814814814814815,Catboost,0
180,0.8873229821523031,0.24682239497205918,0.0046538511912028,0.002351344781980903,0.15000000000000002,8,50,"{'learning_rate': 0.15000000000000002, 'max_depth': 8, 'n_estimators': 50}",0.9761904761904762,0.9512195121951219,0.926829268292683,0.951413085559427,0.020152093592938285,193,0.9814814814814815,Catboost,0
181,1.7630775769551594,0.260413097504413,0.004320939381917317,0.00046996554950971706,0.15000000000000002,8,100,"{'learning_rate': 0.15000000000000002, 'max_depth': 8, 'n_estimators': 100}",0.9523809523809523,0.9512195121951219,0.9512195121951219,0.9516066589237321,0.000547508154228836,177,0.9814814814814815,Catboost,0
182,2.705638885498047,0.23376175335649976,0.01629034678141276,0.013164034275535178,0.15000000000000002,8,150,"{'learning_rate': 0.15000000000000002, 'max_depth': 8, 'n_estimators': 150}",0.9523809523809523,0.9512195121951219,0.926829268292683,0.9434765776229191,0.011780971006351436,226,0.9814814814814815,Catboost,0
183,3.092981497446696,0.10909636551807146,0.004987557729085286,0.0029352303607168726,0.15000000000000002,10,50,"{'learning_rate': 0.15000000000000002, 'max_depth': 10, 'n_estimators': 50}",0.9761904761904762,0.9512195121951219,0.975609756097561,0.967673248161053,0.01163696350382435,53,0.9814814814814815,Catboost,0
184,6.30123233795166,0.7992269593180301,0.018949508666992188,0.016827161252537276,0.15000000000000002,10,100,"{'learning_rate': 0.15000000000000002, 'max_depth': 10, 'n_estimators': 100}",0.9523809523809523,0.926829268292683,0.975609756097561,0.9516066589237321,0.019922075617914967,177,0.9814814814814815,Catboost,0
185,8.200052817662558,0.613124153974721,0.034077088038126625,0.044668126782845756,0.15000000000000002,10,150,"{'learning_rate': 0.15000000000000002, 'max_depth': 10, 'n_estimators': 150}",0.9523809523809523,0.926829268292683,0.975609756097561,0.9516066589237321,0.019922075617914967,177,0.9814814814814815,Catboost,0
186,5.7252592245737715,0.26919244183805047,0.014961957931518555,0.014200684407633318,0.15000000000000002,12,50,"{'learning_rate': 0.15000000000000002, 'max_depth': 12, 'n_estimators': 50}",0.9761904761904762,0.9512195121951219,0.926829268292683,0.951413085559427,0.020152093592938285,193,0.9814814814814815,Catboost,0
187,12.409911553064982,0.6776600267507299,0.005320310592651367,0.0016952953536273586,0.15000000000000002,12,100,"{'learning_rate': 0.15000000000000002, 'max_depth': 12, 'n_estimators': 100}",0.9523809523809523,0.9512195121951219,0.926829268292683,0.9434765776229191,0.011780971006351436,226,0.9814814814814815,Catboost,0
188,21.077118237813313,0.8068314851581996,0.0073134104410807295,0.0024874181779514963,0.15000000000000002,12,150,"{'learning_rate': 0.15000000000000002, 'max_depth': 12, 'n_estimators': 150}",0.9761904761904762,0.9512195121951219,0.926829268292683,0.951413085559427,0.020152093592938285,193,0.9814814814814815,Catboost,0
189,17.275286833445232,1.9421416996342555,0.003324747085571289,0.00047120177640471074,0.15000000000000002,14,50,"{'learning_rate': 0.15000000000000002, 'max_depth': 14, 'n_estimators': 50}",0.9761904761904762,0.975609756097561,0.975609756097561,0.9758033294618661,0.000273754077114418,15,0.9814814814814815,Catboost,0
190,34.59802087148031,2.7404211235082974,0.02526537577311198,0.030100740285579373,0.15000000000000002,14,100,"{'learning_rate': 0.15000000000000002, 'max_depth': 14, 'n_estimators': 100}",0.9761904761904762,0.9512195121951219,0.9512195121951219,0.95954316686024,0.011771425315920079,135,0.9814814814814815,Catboost,0
191,58.43073542912801,0.8015635191191668,0.020613749821980793,0.017547462790752387,0.15000000000000002,14,150,"{'learning_rate': 0.15000000000000002, 'max_depth': 14, 'n_estimators': 150}",0.9761904761904762,0.9512195121951219,0.9512195121951219,0.95954316686024,0.011771425315920079,135,0.9814814814814815,Catboost,0
192,36.081474939982094,8.190665094003878,0.10788718859354655,0.061555224661121885,0.15000000000000002,16,50,"{'learning_rate': 0.15000000000000002, 'max_depth': 16, 'n_estimators': 50}",1.0,0.975609756097561,0.9512195121951219,0.975609756097561,0.0199145507543348,24,0.9814814814814815,Catboost,0
193,66.39764793713887,5.620074206420656,0.05319110552469889,0.04476664199611884,0.15000000000000002,16,100,"{'learning_rate': 0.15000000000000002, 'max_depth': 16, 'n_estimators': 100}",1.0,0.9512195121951219,0.975609756097561,0.975609756097561,0.0199145507543348,24,0.9814814814814815,Catboost,0
194,97.5020211537679,11.010261712582842,0.04022590319315592,0.0484865194095311,0.15000000000000002,16,150,"{'learning_rate': 0.15000000000000002, 'max_depth': 16, 'n_estimators': 150}",1.0,0.9512195121951219,0.975609756097561,0.975609756097561,0.0199145507543348,24,0.9814814814814815,Catboost,0
195,0.007977644602457682,0.006361887116377685,0.0,0.0,0.15000000000000002,18,50,"{'learning_rate': 0.15000000000000002, 'max_depth': 18, 'n_estimators': 50}",,,,,,276,0.9814814814814815,Catboost,0
196,0.003656466801961263,0.0004702464780789008,0.0,0.0,0.15000000000000002,18,100,"{'learning_rate': 0.15000000000000002, 'max_depth': 18, 'n_estimators': 100}",,,,,,275,0.9814814814814815,Catboost,0
197,0.0033243497212727866,0.0004701342074014391,0.0,0.0,0.15000000000000002,18,150,"{'learning_rate': 0.15000000000000002, 'max_depth': 18, 'n_estimators': 150}",,,,,,274,0.9814814814814815,Catboost,0
198,0.9189068476359049,0.16262203365741565,0.0033250649770100913,0.000469628778250416,0.16000000000000003,8,50,"{'learning_rate': 0.16000000000000003, 'max_depth': 8, 'n_estimators': 50}",0.9761904761904762,0.9512195121951219,0.926829268292683,0.951413085559427,0.020152093592938285,193,0.9814814814814815,Catboost,0
199,1.6664339701334636,0.1212996798460923,0.002659877141316732,0.00047007794108405704,0.16000000000000003,8,100,"{'learning_rate': 0.16000000000000003, 'max_depth': 8, 'n_estimators': 100}",0.9761904761904762,0.9512195121951219,0.926829268292683,0.951413085559427,0.020152093592938285,193,0.9814814814814815,Catboost,0
200,2.6110727787017822,0.06968561708216578,0.0033239523569742837,0.0004714301769020075,0.16000000000000003,8,150,"{'learning_rate': 0.16000000000000003, 'max_depth': 8, 'n_estimators': 150}",0.9761904761904762,0.9512195121951219,0.926829268292683,0.951413085559427,0.020152093592938285,193,0.9814814814814815,Catboost,0
201,3.151351054509481,0.29632507108226297,0.006981770197550456,0.0035499927378919655,0.16000000000000003,10,50,"{'learning_rate': 0.16000000000000003, 'max_depth': 10, 'n_estimators': 50}",0.9523809523809523,0.926829268292683,0.975609756097561,0.9516066589237321,0.019922075617914967,177,0.9814814814814815,Catboost,0
202,6.493897358576457,0.4665957642573988,0.03906575838724772,0.05172191253009285,0.16000000000000003,10,100,"{'learning_rate': 0.16000000000000003, 'max_depth': 10, 'n_estimators': 100}",0.9523809523809523,0.926829268292683,0.975609756097561,0.9516066589237321,0.019922075617914967,177,0.9814814814814815,Catboost,0
203,6.925693829854329,0.2042848983825492,0.006317536036173503,0.0004702468004255965,0.16000000000000003,10,150,"{'learning_rate': 0.16000000000000003, 'max_depth': 10, 'n_estimators': 150}",0.9523809523809523,0.926829268292683,0.975609756097561,0.9516066589237321,0.019922075617914967,177,0.9814814814814815,Catboost,0
204,5.950405518213908,0.16104509431431882,0.006317694981892903,0.004016807324451204,0.16000000000000003,12,50,"{'learning_rate': 0.16000000000000003, 'max_depth': 12, 'n_estimators': 50}",0.9523809523809523,0.9512195121951219,0.9512195121951219,0.9516066589237321,0.000547508154228836,177,0.9814814814814815,Catboost,0
205,13.23530920346578,0.292581491794533,0.004986921946207683,0.0008143933902843603,0.16000000000000003,12,100,"{'learning_rate': 0.16000000000000003, 'max_depth': 12, 'n_estimators': 100}",0.9523809523809523,0.9512195121951219,0.9512195121951219,0.9516066589237321,0.000547508154228836,177,0.9814814814814815,Catboost,0
206,20.706971565882366,1.0434116070400117,0.003990332285563151,1.0721474936192864e-06,0.16000000000000003,12,150,"{'learning_rate': 0.16000000000000003, 'max_depth': 12, 'n_estimators': 150}",0.9523809523809523,0.9512195121951219,0.9512195121951219,0.9516066589237321,0.000547508154228836,177,0.9814814814814815,Catboost,0
207,16.230643192927044,2.3532830741399198,0.007313172022501628,0.0030827379947532766,0.16000000000000003,14,50,"{'learning_rate': 0.16000000000000003, 'max_depth': 14, 'n_estimators': 50}",1.0,0.9512195121951219,0.926829268292683,0.959349593495935,0.030419978754259672,167,0.9814814814814815,Catboost,0
208,31.339218854904175,1.3592926664860536,0.0033249855041503906,0.0009403805041241524,0.16000000000000003,14,100,"{'learning_rate': 0.16000000000000003, 'max_depth': 14, 'n_estimators': 100}",1.0,0.9512195121951219,0.9512195121951219,0.9674796747967479,0.02299534247761132,93,0.9814814814814815,Catboost,0
209,53.00296966234843,0.8929972664825239,0.1000656286875407,0.07947182327810631,0.16000000000000003,14,150,"{'learning_rate': 0.16000000000000003, 'max_depth': 14, 'n_estimators': 150}",1.0,0.9512195121951219,0.9512195121951219,0.9674796747967479,0.02299534247761132,93,0.9814814814814815,Catboost,0
210,34.804291009902954,7.2825001741764925,0.05119729042053223,0.027403103382908415,0.16000000000000003,16,50,"{'learning_rate': 0.16000000000000003, 'max_depth': 16, 'n_estimators': 50}",1.0,0.975609756097561,0.975609756097561,0.983739837398374,0.01149767123880566,1,0.9814814814814815,Catboost,0
211,58.652672370274864,6.6320454695900715,0.08643706639607747,0.04754263389393703,0.16000000000000003,16,100,"{'learning_rate': 0.16000000000000003, 'max_depth': 16, 'n_estimators': 100}",1.0,0.9512195121951219,0.975609756097561,0.975609756097561,0.0199145507543348,24,0.9814814814814815,Catboost,0
212,85.00470646222432,16.973117553396122,0.006981690724690755,0.004953233569799298,0.16000000000000003,16,150,"{'learning_rate': 0.16000000000000003, 'max_depth': 16, 'n_estimators': 150}",0.9761904761904762,0.9512195121951219,0.9512195121951219,0.95954316686024,0.011771425315920079,135,0.9814814814814815,Catboost,0
213,0.020279407501220703,0.012676134480900034,0.0,0.0,0.16000000000000003,18,50,"{'learning_rate': 0.16000000000000003, 'max_depth': 18, 'n_estimators': 50}",,,,,,273,0.9814814814814815,Catboost,0
214,0.0029924710591634116,1.1734027115689436e-06,0.0,0.0,0.16000000000000003,18,100,"{'learning_rate': 0.16000000000000003, 'max_depth': 18, 'n_estimators': 100}",,,,,,272,0.9814814814814815,Catboost,0
215,0.028923590977986652,0.027239509060409967,0.0,0.0,0.16000000000000003,18,150,"{'learning_rate': 0.16000000000000003, 'max_depth': 18, 'n_estimators': 150}",,,,,,271,0.9814814814814815,Catboost,0
216,1.082289218902588,0.14601104201962317,0.002991835276285807,0.0008142960621244942,0.17000000000000004,8,50,"{'learning_rate': 0.17000000000000004, 'max_depth': 8, 'n_estimators': 50}",1.0,0.9512195121951219,0.926829268292683,0.959349593495935,0.030419978754259672,167,0.9814814814814815,Catboost,0
217,1.5529297192891438,0.3379064774145081,0.03623676300048828,0.04631071618939067,0.17000000000000004,8,100,"{'learning_rate': 0.17000000000000004, 'max_depth': 8, 'n_estimators': 100}",0.9761904761904762,0.9512195121951219,0.926829268292683,0.951413085559427,0.020152093592938285,193,0.9814814814814815,Catboost,0
218,2.4121321042378745,0.1366193545356412,0.0033248265584309897,0.0009409437307256178,0.17000000000000004,8,150,"{'learning_rate': 0.17000000000000004, 'max_depth': 8, 'n_estimators': 150}",0.9761904761904762,0.9512195121951219,0.926829268292683,0.951413085559427,0.020152093592938285,193,0.9814814814814815,Catboost,0
219,2.899672349294027,0.2080810899769493,0.026264111200968426,0.031499093486895356,0.17000000000000004,10,50,"{'learning_rate': 0.17000000000000004, 'max_depth': 10, 'n_estimators': 50}",0.9523809523809523,0.926829268292683,0.975609756097561,0.9516066589237321,0.019922075617914967,177,0.9814814814814815,Catboost,0
220,4.695673068364461,0.7426398466731879,0.0063173770904541016,0.0033903095177837948,0.17000000000000004,10,100,"{'learning_rate': 0.17000000000000004, 'max_depth': 10, 'n_estimators': 100}",0.9761904761904762,0.926829268292683,0.975609756097561,0.95954316686024,0.023133434369225388,135,0.9814814814814815,Catboost,0
221,6.801558494567871,0.42689885981953857,0.0036568641662597656,0.00047086460162382225,0.17000000000000004,10,150,"{'learning_rate': 0.17000000000000004, 'max_depth': 10, 'n_estimators': 150}",0.9761904761904762,0.926829268292683,0.975609756097561,0.95954316686024,0.023133434369225388,135,0.9814814814814815,Catboost,0
222,5.883478720982869,0.40300006645958947,0.0063165028889973955,0.0026175047996535744,0.17000000000000004,12,50,"{'learning_rate': 0.17000000000000004, 'max_depth': 12, 'n_estimators': 50}",0.9523809523809523,0.9512195121951219,0.9512195121951219,0.9516066589237321,0.000547508154228836,177,0.9814814814814815,Catboost,0
223,13.209088404973349,0.2304985626243731,0.0049877166748046875,0.0008138095416407748,0.17000000000000004,12,100,"{'learning_rate': 0.17000000000000004, 'max_depth': 12, 'n_estimators': 100}",0.9761904761904762,0.9512195121951219,0.9512195121951219,0.95954316686024,0.011771425315920079,135,0.9814814814814815,Catboost,0
224,21.121312697728474,0.26625067655438533,0.014627297719319662,0.01645525357461332,0.17000000000000004,12,150,"{'learning_rate': 0.17000000000000004, 'max_depth': 12, 'n_estimators': 150}",1.0,0.9512195121951219,0.9512195121951219,0.9674796747967479,0.02299534247761132,93,0.9814814814814815,Catboost,0
225,17.052940845489502,2.7587139028229886,0.00864267349243164,0.007297686520363537,0.17000000000000004,14,50,"{'learning_rate': 0.17000000000000004, 'max_depth': 14, 'n_estimators': 50}",1.0,0.9512195121951219,0.975609756097561,0.975609756097561,0.0199145507543348,24,0.9814814814814815,Catboost,0
226,34.53788391749064,1.205976949641207,0.00299223264058431,6.25769923052137e-07,0.17000000000000004,14,100,"{'learning_rate': 0.17000000000000004, 'max_depth': 14, 'n_estimators': 100}",1.0,0.9512195121951219,0.975609756097561,0.975609756097561,0.0199145507543348,24,0.9814814814814815,Catboost,0
227,56.108415047327675,1.1862620526341385,0.07433803876241048,0.08069367316909974,0.17000000000000004,14,150,"{'learning_rate': 0.17000000000000004, 'max_depth': 14, 'n_estimators': 150}",1.0,0.9512195121951219,0.9512195121951219,0.9674796747967479,0.02299534247761132,93,0.9814814814814815,Catboost,0
228,35.18102788925171,10.478056307151205,0.024601221084594727,0.028470817362745985,0.17000000000000004,16,50,"{'learning_rate': 0.17000000000000004, 'max_depth': 16, 'n_estimators': 50}",1.0,0.975609756097561,0.9512195121951219,0.975609756097561,0.0199145507543348,24,0.9814814814814815,Catboost,0
229,76.09497292836507,11.073612144068967,0.04389421145121256,0.058525678135430935,0.17000000000000004,16,100,"{'learning_rate': 0.17000000000000004, 'max_depth': 16, 'n_estimators': 100}",1.0,0.9512195121951219,0.9512195121951219,0.9674796747967479,0.02299534247761132,93,0.9814814814814815,Catboost,0
230,110.81821759541829,15.47143487352387,0.08145459493001302,0.10324648349320872,0.17000000000000004,16,150,"{'learning_rate': 0.17000000000000004, 'max_depth': 16, 'n_estimators': 150}",1.0,0.926829268292683,0.926829268292683,0.9512195121951219,0.03449301371641693,217,0.9814814814814815,Catboost,0
231,0.03257870674133301,0.03972869520377841,0.0,0.0,0.17000000000000004,18,50,"{'learning_rate': 0.17000000000000004, 'max_depth': 18, 'n_estimators': 50}",,,,,,270,0.9814814814814815,Catboost,0
232,0.003656625747680664,0.0004701907356398567,0.0,0.0,0.17000000000000004,18,100,"{'learning_rate': 0.17000000000000004, 'max_depth': 18, 'n_estimators': 100}",,,,,,248,0.9814814814814815,Catboost,0
233,0.0035621325174967446,0.00042032203012271096,0.0,0.0,0.17000000000000004,18,150,"{'learning_rate': 0.17000000000000004, 'max_depth': 18, 'n_estimators': 150}",,,,,,267,0.9814814814814815,Catboost,0
234,0.8641883532206217,0.2672572029383949,0.021942694981892902,0.026811748111090817,0.18000000000000005,8,50,"{'learning_rate': 0.18000000000000005, 'max_depth': 8, 'n_estimators': 50}",0.9761904761904762,0.9512195121951219,0.926829268292683,0.951413085559427,0.020152093592938285,193,0.9814814814814815,Catboost,0
235,1.647141933441162,0.3560274624492557,0.01063839594523112,0.009404029641076478,0.18000000000000005,8,100,"{'learning_rate': 0.18000000000000005, 'max_depth': 8, 'n_estimators': 100}",0.9761904761904762,0.9512195121951219,0.9512195121951219,0.95954316686024,0.011771425315920079,135,0.9814814814814815,Catboost,0
236,2.575450897216797,0.11442416570508435,0.0033260186513264975,0.0004696285361722635,0.18000000000000005,8,150,"{'learning_rate': 0.18000000000000005, 'max_depth': 8, 'n_estimators': 150}",0.9761904761904762,0.9512195121951219,0.926829268292683,0.951413085559427,0.020152093592938285,193,0.9814814814814815,Catboost,0
237,3.0116145610809326,0.1899684263321177,0.003657658894856771,0.00047024643778554833,0.18000000000000005,10,50,"{'learning_rate': 0.18000000000000005, 'max_depth': 10, 'n_estimators': 50}",0.9523809523809523,0.926829268292683,0.9512195121951219,0.9434765776229191,0.011780971006351436,226,0.9814814814814815,Catboost,0
238,6.2549463113149,0.5395716155529434,0.0186158021291097,0.021394531409725664,0.18000000000000005,10,100,"{'learning_rate': 0.18000000000000005, 'max_depth': 10, 'n_estimators': 100}",0.9523809523809523,0.926829268292683,0.9512195121951219,0.9434765776229191,0.011780971006351436,226,0.9814814814814815,Catboost,0
239,8.425475358963013,1.2487849155474298,0.004322528839111328,0.00046985331924368303,0.18000000000000005,10,150,"{'learning_rate': 0.18000000000000005, 'max_depth': 10, 'n_estimators': 150}",0.9523809523809523,0.926829268292683,0.9512195121951219,0.9434765776229191,0.011780971006351436,226,0.9814814814814815,Catboost,0
240,6.193775018056233,0.5434851814182183,0.004654486974080403,0.0012441552359007582,0.18000000000000005,12,50,"{'learning_rate': 0.18000000000000005, 'max_depth': 12, 'n_estimators': 50}",0.9285714285714286,0.9512195121951219,0.975609756097561,0.9518002322880372,0.019207706630129162,172,0.9814814814814815,Catboost,0
241,13.57304835319519,0.23195573567353617,0.007315158843994141,0.00401636007150759,0.18000000000000005,12,100,"{'learning_rate': 0.18000000000000005, 'max_depth': 12, 'n_estimators': 100}",0.9523809523809523,0.9512195121951219,0.975609756097561,0.9597367402245451,0.011233928090241522,109,0.9814814814814815,Catboost,0
242,21.2870995203654,1.1921166742199687,0.02227330207824707,0.025156535743202323,0.18000000000000005,12,150,"{'learning_rate': 0.18000000000000005, 'max_depth': 12, 'n_estimators': 150}",0.9523809523809523,0.9512195121951219,0.975609756097561,0.9597367402245451,0.011233928090241522,109,0.9814814814814815,Catboost,0
243,15.608273347218832,0.9700559140731075,0.0049868424733479815,0.002935905191702265,0.18000000000000005,14,50,"{'learning_rate': 0.18000000000000005, 'max_depth': 14, 'n_estimators': 50}",1.0,0.926829268292683,0.975609756097561,0.9674796747967479,0.030419978754259662,93,0.9814814814814815,Catboost,0
244,34.94375912348429,2.074998893853414,0.012627601623535156,0.007732782125047937,0.18000000000000005,14,100,"{'learning_rate': 0.18000000000000005, 'max_depth': 14, 'n_estimators': 100}",1.0,0.9512195121951219,0.975609756097561,0.975609756097561,0.0199145507543348,24,0.9814814814814815,Catboost,0
245,58.06498567263285,1.3187036038028384,0.030585368474324543,0.036909174304118636,0.18000000000000005,14,150,"{'learning_rate': 0.18000000000000005, 'max_depth': 14, 'n_estimators': 150}",1.0,0.9512195121951219,0.9512195121951219,0.9674796747967479,0.02299534247761132,93,0.9814814814814815,Catboost,0
246,32.446248054504395,8.265603784637323,0.042220513025919594,0.02869081444909634,0.18000000000000005,16,50,"{'learning_rate': 0.18000000000000005, 'max_depth': 16, 'n_estimators': 50}",1.0,1.0,0.926829268292683,0.975609756097561,0.03449301371641693,24,0.9814814814814815,Catboost,0
247,64.9311420917511,5.276047745104948,0.028591235478719074,0.035497847741839825,0.18000000000000005,16,100,"{'learning_rate': 0.18000000000000005, 'max_depth': 16, 'n_estimators': 100}",1.0,0.975609756097561,0.9512195121951219,0.975609756097561,0.0199145507543348,24,0.9814814814814815,Catboost,0
248,98.77802197138469,7.817571365639971,0.0029914379119873047,1.877309769156411e-06,0.18000000000000005,16,150,"{'learning_rate': 0.18000000000000005, 'max_depth': 16, 'n_estimators': 150}",1.0,0.9512195121951219,0.9512195121951219,0.9674796747967479,0.02299534247761132,93,0.9814814814814815,Catboost,0
249,0.14711236953735352,0.03988766532919859,0.0,0.0,0.18000000000000005,18,50,"{'learning_rate': 0.18000000000000005, 'max_depth': 18, 'n_estimators': 50}",,,,,,242,0.9814814814814815,Catboost,0
250,0.0575112501780192,0.039645827892849955,0.0,0.0,0.18000000000000005,18,100,"{'learning_rate': 0.18000000000000005, 'max_depth': 18, 'n_estimators': 100}",,,,,,243,0.9814814814814815,Catboost,0
251,0.010638236999511719,0.006581989041128035,0.0,0.0,0.18000000000000005,18,150,"{'learning_rate': 0.18000000000000005, 'max_depth': 18, 'n_estimators': 150}",,,,,,244,0.9814814814814815,Catboost,0
252,1.0460911591847737,0.5525090152548933,0.013631900151570639,0.00863198945307603,0.19,8,50,"{'learning_rate': 0.19, 'max_depth': 8, 'n_estimators': 50}",0.9761904761904762,0.9512195121951219,0.9512195121951219,0.95954316686024,0.011771425315920079,135,0.9814814814814815,Catboost,0
253,1.7287804285685222,0.3518801815255528,0.005983591079711914,0.003547067237699165,0.19,8,100,"{'learning_rate': 0.19, 'max_depth': 8, 'n_estimators': 100}",0.9761904761904762,0.9512195121951219,0.926829268292683,0.951413085559427,0.020152093592938285,193,0.9814814814814815,Catboost,0
254,2.478574275970459,0.07560726854406977,0.007646719614664714,0.006581202299956175,0.19,8,150,"{'learning_rate': 0.19, 'max_depth': 8, 'n_estimators': 150}",0.9761904761904762,0.9512195121951219,0.926829268292683,0.951413085559427,0.020152093592938285,193,0.9814814814814815,Catboost,0
255,3.1337074438730874,0.09009331452505982,0.054187615712483726,0.03551618378844464,0.19,10,50,"{'learning_rate': 0.19, 'max_depth': 10, 'n_estimators': 50}",0.9761904761904762,0.9512195121951219,0.9512195121951219,0.95954316686024,0.011771425315920079,135,0.9814814814814815,Catboost,0
256,6.420422951380412,0.3575820498771578,0.012964328130086264,0.014129186014139112,0.19,10,100,"{'learning_rate': 0.19, 'max_depth': 10, 'n_estimators': 100}",0.9761904761904762,0.926829268292683,0.975609756097561,0.95954316686024,0.023133434369225388,135,0.9814814814814815,Catboost,0
257,8.68684991200765,1.2563465030452399,0.03490757942199707,0.043723140660802386,0.19,10,150,"{'learning_rate': 0.19, 'max_depth': 10, 'n_estimators': 150}",0.9523809523809523,0.926829268292683,0.9512195121951219,0.9434765776229191,0.011780971006351436,226,0.9814814814814815,Catboost,0
258,6.408866326014201,0.1319872621543352,0.01595751444498698,0.014198295093251545,0.19,12,50,"{'learning_rate': 0.19, 'max_depth': 12, 'n_estimators': 50}",0.9523809523809523,0.9512195121951219,0.975609756097561,0.9597367402245451,0.011233928090241522,109,0.9814814814814815,Catboost,0
259,12.949381192525228,0.09784293153225315,0.005651394526163737,0.003082540885015385,0.19,12,100,"{'learning_rate': 0.19, 'max_depth': 12, 'n_estimators': 100}",0.9761904761904762,0.9512195121951219,0.975609756097561,0.967673248161053,0.01163696350382435,53,0.9814814814814815,Catboost,0
260,19.815699100494385,0.46075164997935425,0.019947052001953125,0.02186552446190266,0.19,12,150,"{'learning_rate': 0.19, 'max_depth': 12, 'n_estimators': 150}",0.9761904761904762,0.9512195121951219,0.9512195121951219,0.95954316686024,0.011771425315920079,135,0.9814814814814815,Catboost,0
261,14.195384422938028,1.895415237544431,0.0029935836791992188,0.0008149775491435342,0.19,14,50,"{'learning_rate': 0.19, 'max_depth': 14, 'n_estimators': 50}",1.0,0.9512195121951219,0.926829268292683,0.959349593495935,0.030419978754259672,167,0.9814814814814815,Catboost,0
262,32.20490606625875,1.3808307184969872,0.021275997161865234,0.014228366635702514,0.19,14,100,"{'learning_rate': 0.19, 'max_depth': 14, 'n_estimators': 100}",1.0,0.9512195121951219,0.9024390243902439,0.9512195121951219,0.03982910150866955,217,0.9814814814814815,Catboost,0
263,52.3507350285848,2.3364791410205945,0.022275129954020183,0.027976713957665964,0.19,14,150,"{'learning_rate': 0.19, 'max_depth': 14, 'n_estimators': 150}",0.9761904761904762,0.9512195121951219,0.926829268292683,0.951413085559427,0.020152093592938285,193,0.9814814814814815,Catboost,0
264,31.1151180267334,4.500269410876993,0.033746798833211265,0.02779427246653882,0.19,16,50,"{'learning_rate': 0.19, 'max_depth': 16, 'n_estimators': 50}",1.0,0.9512195121951219,0.926829268292683,0.959349593495935,0.030419978754259672,167,0.9814814814814815,Catboost,0
265,76.54836416244507,4.457550883541592,0.00664973258972168,0.0044843041378396205,0.19,16,100,"{'learning_rate': 0.19, 'max_depth': 16, 'n_estimators': 100}",0.9761904761904762,0.9512195121951219,0.926829268292683,0.951413085559427,0.020152093592938285,193,0.9814814814814815,Catboost,0
266,123.86497616767883,13.853218076900788,0.052525838216145836,0.03834441768103355,0.19,16,150,"{'learning_rate': 0.19, 'max_depth': 16, 'n_estimators': 150}",0.9761904761904762,0.9512195121951219,0.926829268292683,0.951413085559427,0.020152093592938285,193,0.9814814814814815,Catboost,0
267,0.08676958084106445,0.016630569528490163,0.0,0.0,0.19,18,50,"{'learning_rate': 0.19, 'max_depth': 18, 'n_estimators': 50}",,,,,,240,0.9814814814814815,Catboost,0
268,0.07047788302103679,0.024447489146170988,0.0,0.0,0.19,18,100,"{'learning_rate': 0.19, 'max_depth': 18, 'n_estimators': 100}",,,,,,246,0.9814814814814815,Catboost,0
269,0.010306278864542643,0.00632549124166653,0.0,0.0,0.19,18,150,"{'learning_rate': 0.19, 'max_depth': 18, 'n_estimators': 150}",,,,,,241,0.9814814814814815,Catboost,0
270,1.12598983446757,0.44784808674974746,0.0036569436391194663,0.0009404933792378896,0.2,8,50,"{'learning_rate': 0.2, 'max_depth': 8, 'n_estimators': 50}",0.9523809523809523,0.9512195121951219,0.926829268292683,0.9434765776229191,0.011780971006351436,226,0.9814814814814815,Catboost,0
271,2.0393850803375244,0.12847237784380539,0.03457482655843099,0.043960492832617375,0.2,8,100,"{'learning_rate': 0.2, 'max_depth': 8, 'n_estimators': 100}",0.9761904761904762,0.9512195121951219,0.9512195121951219,0.95954316686024,0.011771425315920079,135,0.9814814814814815,Catboost,0
272,2.6834921836853027,0.9656716816944376,0.0029926300048828125,0.000814393405795133,0.2,8,150,"{'learning_rate': 0.2, 'max_depth': 8, 'n_estimators': 150}",0.9761904761904762,0.9512195121951219,0.926829268292683,0.951413085559427,0.020152093592938285,193,0.9814814814814815,Catboost,0
273,2.0887484550476074,0.07974786990593498,0.00598446528116862,0.004231936989063216,0.2,10,50,"{'learning_rate': 0.2, 'max_depth': 10, 'n_estimators': 50}",0.9523809523809523,0.926829268292683,0.9512195121951219,0.9434765776229191,0.011780971006351436,226,0.9814814814814815,Catboost,0
274,3.9331514040629068,0.04293775315558749,0.003990014394124349,0.0008153668230089124,0.2,10,100,"{'learning_rate': 0.2, 'max_depth': 10, 'n_estimators': 100}",0.9523809523809523,0.926829268292683,0.9512195121951219,0.9434765776229191,0.011780971006351436,226,0.9814814814814815,Catboost,0
275,6.285529772440593,0.3216987198880805,0.010305007298787435,0.006324204737082462,0.2,10,150,"{'learning_rate': 0.2, 'max_depth': 10, 'n_estimators': 150}",0.9523809523809523,0.926829268292683,0.926829268292683,0.9353464963221061,0.012045179393034445,239,0.9814814814814815,Catboost,0
276,5.47835373878479,0.2580225563500571,0.003989617029825847,0.000814004287148796,0.2,12,50,"{'learning_rate': 0.2, 'max_depth': 12, 'n_estimators': 50}",0.9285714285714286,0.9512195121951219,0.9512195121951219,0.9436701509872242,0.010676409007462355,219,0.9814814814814815,Catboost,0
277,12.846333185831705,0.5090908478714069,0.007646401723225911,0.005171699305931765,0.2,12,100,"{'learning_rate': 0.2, 'max_depth': 12, 'n_estimators': 100}",0.9761904761904762,0.9512195121951219,0.9512195121951219,0.95954316686024,0.011771425315920079,135,0.9814814814814815,Catboost,0
278,20.763168652852375,0.7822580396665022,0.004988193511962891,0.0028201304717813147,0.2,12,150,"{'learning_rate': 0.2, 'max_depth': 12, 'n_estimators': 150}",0.9761904761904762,0.9512195121951219,0.9512195121951219,0.95954316686024,0.011771425315920079,135,0.9814814814814815,Catboost,0
279,14.981616655985514,1.239382629990983,0.003656466801961263,0.0004705894106235967,0.2,14,50,"{'learning_rate': 0.2, 'max_depth': 14, 'n_estimators': 50}",1.0,0.9512195121951219,0.9512195121951219,0.9674796747967479,0.02299534247761132,93,0.9814814814814815,Catboost,0
280,32.60349631309509,2.9233945688873644,0.04787294069925944,0.0606544963803138,0.2,14,100,"{'learning_rate': 0.2, 'max_depth': 14, 'n_estimators': 100}",1.0,0.9512195121951219,0.9512195121951219,0.9674796747967479,0.02299534247761132,93,0.9814814814814815,Catboost,0
281,51.85522015889486,2.2684949025165166,0.011636972427368164,0.012935348896968218,0.2,14,150,"{'learning_rate': 0.2, 'max_depth': 14, 'n_estimators': 150}",1.0,0.9512195121951219,0.926829268292683,0.959349593495935,0.030419978754259672,167,0.9814814814814815,Catboost,0
282,30.34971245129903,9.649390958796204,0.02559812863667806,0.030570977687714412,0.2,16,50,"{'learning_rate': 0.2, 'max_depth': 16, 'n_estimators': 50}",0.9761904761904762,0.975609756097561,0.9512195121951219,0.967673248161053,0.01163696350382435,53,0.9814814814814815,Catboost,0
283,69.61010201772054,14.347878629866507,0.03557181358337402,0.025023296042319315,0.2,16,100,"{'learning_rate': 0.2, 'max_depth': 16, 'n_estimators': 100}",0.9761904761904762,0.9512195121951219,0.9512195121951219,0.95954316686024,0.011771425315920079,135,0.9814814814814815,Catboost,0
284,102.0211222966512,22.064573795479685,0.020929813385009766,0.02469650194678896,0.2,16,150,"{'learning_rate': 0.2, 'max_depth': 16, 'n_estimators': 150}",0.9761904761904762,0.9512195121951219,0.9512195121951219,0.95954316686024,0.011771425315920079,135,0.9814814814814815,Catboost,0
285,0.021941423416137695,0.017859754376646136,0.0,0.0,0.2,18,50,"{'learning_rate': 0.2, 'max_depth': 18, 'n_estimators': 50}",,,,,,245,0.9814814814814815,Catboost,0
286,0.0038315455118815103,0.00022247935596439772,0.0,0.0,0.2,18,100,"{'learning_rate': 0.2, 'max_depth': 18, 'n_estimators': 100}",,,,,,284,0.9814814814814815,Catboost,0
287,0.0033235549926757812,0.00046934795094558427,0.0,0.0,0.2,18,150,"{'learning_rate': 0.2, 'max_depth': 18, 'n_estimators': 150}",,,,,,288,0.9814814814814815,Catboost,0
